{"y_cart": [0.0, 0.342681712711, 0.685363425422, 1.028045138133, 1.370726850844, 1.713408563554999, 2.056090276266, 2.398771988977, 2.741453701688, 3.0841354144, 0.0, 0.342681712711, 0.685363425422, 1.028045138133, 1.370726850844, 1.713408563554999, 2.056090276266, 2.398771988977, 2.741453701688, 3.0841354144, 0.0, 0.342681712711, 0.685363425422, 1.028045138133, 1.370726850844, 1.713408563554999, 2.056090276266, 2.398771988977, 2.741453701688, 3.0841354144, 0.0, 0.342681712711, 0.685363425422, 1.028045138133, 1.370726850844, 1.713408563554999, 2.056090276266, 2.398771988977, 2.741453701688, 3.0841354144, 0.0, 0.342681712711, 0.685363425422, 1.028045138133, 1.370726850844, 1.713408563554999, 2.056090276266, 2.398771988977, 2.741453701688, 3.0841354144, 0.0, 0.342681712711, 0.685363425422, 1.028045138133, 1.370726850844, 1.713408563554999, 2.056090276266, 2.398771988977, 2.741453701688, 3.0841354144, 0.0, 0.342681712711, 0.685363425422, 1.028045138133, 1.370726850844, 1.713408563554999, 2.056090276266, 2.398771988977, 2.741453701688, 3.0841354144, 0.0, 0.342681712711, 0.685363425422, 1.028045138133, 1.370726850844, 1.713408563554999, 2.056090276266, 2.398771988977, 2.741453701688, 3.0841354144, 0.0, 0.342681712711, 0.685363425422, 1.028045138133, 1.370726850844, 1.713408563554999, 2.056090276266, 2.398771988977, 2.741453701688, 3.0841354144, 0.0, 0.342681712711, 0.685363425422, 1.028045138133, 1.370726850844, 1.713408563554999, 2.056090276266, 2.398771988977, 2.741453701688, 3.0841354144], "a_frac": [0.0, 0.0, 0.0, 0.0, 0.0, 0.0, 0.0, 0.0, 0.0, 0.0, 0.099999999999999, 0.099999999999999, 0.099999999999999, 0.099999999999999, 0.099999999999999, 0.099999999999999, 0.099999999999999, 0.099999999999999, 0.099999999999999, 0.099999999999999, 0.199999999999999, 0.199999999999999, 0.199999999999999, 0.199999999999999, 0.199999999999999, 0.199999999999999, 0.199999999999999, 0.199999999999999, 0.199999999999999, 0.199999999999999, 0.30000000000000004, 0.30000000000000004, 0.30000000000000004, 0.30000000000000004, 0.30000000000000004, 0.30000000000000004, 0.30000000000000004, 0.30000000000000004, 0.30000000000000004, 0.30000000000000004, 0.399999999999999, 0.399999999999999, 0.399999999999999, 0.399999999999999, 0.399999999999999, 0.399999999999999, 0.399999999999999, 0.399999999999999, 0.399999999999999, 0.399999999999999, 0.5, 0.5, 0.5, 0.5, 0.5, 0.5, 0.5, 0.5, 0.5, 0.5, 0.6000000000000001, 0.6000000000000001, 0.6000000000000001, 0.6000000000000001, 0.6000000000000001, 0.6000000000000001, 0.6000000000000001, 0.6000000000000001, 0.6000000000000001, 0.6000000000000001, 0.7000000000000001, 0.7000000000000001, 0.7000000000000001, 0.7000000000000001, 0.7000000000000001, 0.7000000000000001, 0.7000000000000001, 0.7000000000000001, 0.7000000000000001, 0.7000000000000001, 0.799999999999999, 0.799999999999999, 0.799999999999999, 0.799999999999999, 0.799999999999999, 0.799999999999999, 0.799999999999999, 0.799999999999999, 0.799999999999999, 0.799999999999999, 0.9, 0.9, 0.9, 0.9, 0.9, 0.9, 0.9, 0.9, 0.9, 0.9], "energy": [0.0, 0.030803999999999002, 0.09973100000000201, 0.167076000000001, 0.21429600000000001, 0.23412100000000102, 0.218790000000002, 0.174607000000001, 0.108478000000001, 0.039197999999998005, 0.030803999999999002, 0.061023000000002006, 0.127956000000001, 0.19285299999999903, 0.24411300000000202, 0.265457000000001, 0.24836600000000003, 0.200075000000001, 0.136082999999999, 0.06845000000000201, 0.09973100000000201, 0.127956000000001, 0.18901400000000002, 0.262691, 0.32462500000000105, 0.34974000000000005, 0.32795799999999803, 0.26837899999999903, 0.19510400000000003, 0.132881000000001, 0.167076000000001, 0.19285299999999903, 0.262691, 0.352864, 0.428250000000002, 0.45802800000000204, 0.42978499999999903, 0.355471999999998, 0.26522900000000105, 0.19407599999999903, 0.21429600000000001, 0.24411300000000202, 0.32462500000000105, 0.428250000000002, 0.514597999999999, 0.548010999999998, 0.514140000000001, 0.427175000000001, 0.322590999999999, 0.24086600000000002, 0.23412100000000102, 0.265457000000001, 0.34974000000000005, 0.45802800000000204, 0.548010999999998, 0.5822350000000001, 0.5457740000000011, 0.453616, 0.343254000000001, 0.257622999999998, 0.218790000000002, 0.24836600000000003, 0.32795799999999803, 0.42978499999999903, 0.514140000000001, 0.5457740000000011, 0.510564000000002, 0.42273000000000105, 0.31784500000000104, 0.23668200000000103, 0.174607000000001, 0.200074, 0.26837899999999903, 0.355471999999998, 0.427175000000001, 0.453616, 0.42273000000000105, 0.34665899999999805, 0.256025000000001, 0.18594300000000102, 0.108478000000001, 0.136082999999999, 0.19510400000000003, 0.26522900000000105, 0.322590999999999, 0.343254000000001, 0.31784500000000104, 0.256025000000001, 0.182266000000002, 0.121636000000002, 0.039197999999998005, 0.06845000000000201, 0.132881000000001, 0.19407599999999903, 0.24086600000000002, 0.257622999999998, 0.23668200000000103, 0.18594300000000102, 0.121636000000002, 0.05594999999999901], "x_cart": [0.0, 1.661899999999999e-08, 3.323799999999999e-08, 4.9856999999999994e-08, 6.647599999999999e-08, 8.309599999999999e-08, 9.9715e-08, 1.16334e-07, 1.3295299999999988e-07, 1.495719999999999e-07, 0.342681712749, 0.342681729369, 0.342681745988, 0.342681762607, 0.342681779226, 0.342681795844999, 0.342681812464, 0.342681829083, 0.342681845702, 0.342681862321, 0.685363425499, 0.685363442117999, 0.685363458737, 0.685363475356, 0.685363491975, 0.685363508594, 0.685363525213, 0.685363541833, 0.685363558452, 0.685363575071, 1.028045138248, 1.028045154867, 1.028045171487, 1.028045188106, 1.028045204725, 1.028045221344, 1.028045237963, 1.028045254582, 1.028045271201, 1.02804528782, 1.370726850998, 1.370726867617, 1.370726884235999, 1.370726900855, 1.370726917474, 1.370726934093, 1.3707269507120001, 1.370726967331, 1.3707269839510001, 1.37072700057, 1.713408563747, 1.713408580366, 1.713408596985, 1.713408613605, 1.713408630224, 1.713408646842999, 1.713408663461999, 1.713408680081, 1.7134086967000002, 1.7134087133190001, 2.056090276497, 2.056090293116, 2.056090309735, 2.056090326354, 2.056090342973, 2.056090359592, 2.056090376211, 2.05609039283, 2.056090409449, 2.056090426069, 2.398771989245999, 2.398772005865, 2.398772022484, 2.398772039103, 2.398772055722, 2.398772072342, 2.398772088961, 2.39877210558, 2.398772122199, 2.398772138818, 2.741453701996, 2.741453718615, 2.741453735234, 2.741453751853, 2.741453768471999, 2.741453785091, 2.74145380171, 2.741453818329, 2.741453834948, 2.741453851567, 3.084135414745, 3.084135431364, 3.084135447983, 3.084135464602, 3.084135481221, 3.08413549784, 3.08413551446, 3.084135531079, 3.084135547698, 3.084135564317], "cleavage": [0.0, 0.099999999999999, 0.30000000000000004, 0.5, 0.5, 0.5, 0.5, 0.5, 0.30000000000000004, 0.099999999999999, 0.099999999999999, 0.199999999999999, 0.399999999999999, 0.5, 0.5, 0.5, 0.5, 0.5, 0.399999999999999, 0.199999999999999, 0.30000000000000004, 0.399999999999999, 0.5, 0.5, 0.5, 0.5, 0.5, 0.5, 0.5, 0.399999999999999, 0.5, 0.5, 0.5, 0.5, 0.5, 0.5, 0.5, 0.5, 0.5, 0.5, 0.5, 0.5, 0.5, 0.5, 0.5, 0.5, 0.5, 0.5, 0.5, 0.5, 0.5, 0.5, 0.5, 0.5, 0.5, 0.5, 0.5, 0.5, 0.5, 0.5, 0.5, 0.5, 0.5, 0.5, 0.5, 0.5, 0.5, 0.5, 0.5, 0.5, 0.5, 0.5, 0.5, 0.5, 0.5, 0.5, 0.5, 0.5, 0.5, 0.5, 0.30000000000000004, 0.399999999999999, 0.5, 0.5, 0.5, 0.5, 0.5, 0.5, 0.5, 0.399999999999999, 0.099999999999999, 0.199999999999999, 0.399999999999999, 0.5, 0.5, 0.5, 0.5, 0.5, 0.399999999999999, 0.199999999999999],