{"y_cart": [0.0, 0.380757458568, 0.761514917136, 1.142272375704, 1.523029834271, 1.903787292839, 2.284544751407, 2.665302209975, 3.046059668543, 0.0, 0.380757458568, 0.761514917136, 1.142272375704, 1.523029834271, 1.903787292839, 2.284544751407, 2.665302209975, 3.046059668543, 0.0, 0.380757458568, 0.761514917136, 1.142272375704, 1.523029834271, 1.903787292839, 2.284544751407, 2.665302209975, 3.046059668543, 0.0, 0.380757458568, 0.761514917136, 1.142272375704, 1.523029834271, 1.903787292839, 2.284544751407, 2.665302209975, 3.046059668543, 0.0, 0.380757458568, 0.761514917136, 1.142272375704, 1.523029834271, 1.903787292839, 2.284544751407, 2.665302209975, 3.046059668543, 0.0, 0.380757458568, 0.761514917136, 1.142272375704, 1.523029834271, 1.903787292839, 2.284544751407, 2.665302209975, 3.046059668543, 0.0, 0.380757458568, 0.761514917136, 1.142272375704, 1.523029834271, 1.903787292839, 2.284544751407, 2.665302209975, 3.046059668543, 0.0, 0.380757458568, 0.761514917136, 1.142272375704, 1.523029834271, 1.903787292839, 2.284544751407, 2.665302209975, 3.046059668543, 0.0, 0.380757458568, 0.761514917136, 1.142272375704, 1.523029834271, 1.903787292839, 2.284544751407, 2.665302209975, 3.046059668543], "a_frac": [0.0, 0.0, 0.0, 0.0, 0.0, 0.0, 0.0, 0.0, 0.0, 0.111111111111, 0.111111111111, 0.111111111111, 0.111111111111, 0.111111111111, 0.111111111111, 0.111111111111, 0.111111111111, 0.111111111111, 0.222222222222, 0.222222222222, 0.222222222222, 0.222222222222, 0.222222222222, 0.222222222222, 0.222222222222, 0.222222222222, 0.222222222222, 0.333333333332999, 0.333333333332999, 0.333333333332999, 0.333333333332999, 0.333333333332999, 0.333333333332999, 0.333333333332999, 0.333333333332999, 0.333333333332999, 0.444444444444, 0.444444444444, 0.444444444444, 0.444444444444, 0.444444444444, 0.444444444444, 0.444444444444, 0.444444444444, 0.444444444444, 0.555555555556, 0.555555555556, 0.555555555556, 0.555555555556, 0.555555555556, 0.555555555556, 0.555555555556, 0.555555555556, 0.555555555556, 0.666666666667, 0.666666666667, 0.666666666667, 0.666666666667, 0.666666666667, 0.666666666667, 0.666666666667, 0.666666666667, 0.666666666667, 0.777777777778, 0.777777777778, 0.777777777778, 0.777777777778, 0.777777777778, 0.777777777778, 0.777777777778, 0.777777777778, 0.777777777778, 0.888888888889, 0.888888888889, 0.888888888889, 0.888888888889, 0.888888888889, 0.888888888889, 0.888888888889, 0.888888888889, 0.888888888889], "energy": [0.0, 0.037467000000003005, 0.116278000000001, 0.184872000000002, 0.22335900000000203, 0.22587400000000102, 0.191583000000001, 0.125063, 0.04616700000000001, 0.037467000000003005, 0.07534700000000001, 0.15019300000000102, 0.21520000000000203, 0.24846500000000302, 0.25075200000000203, 0.22112700000000202, 0.15798600000000101, 0.082349, 0.116278000000001, 0.15019300000000102, 0.21605400000000302, 0.27443700000000204, 0.301586, 0.302729000000002, 0.278422000000002, 0.220759000000001, 0.154320000000002, 0.184872000000002, 0.21520000000000203, 0.27443700000000204, 0.317114, 0.342424000000001, 0.34255700000000205, 0.317218, 0.27490799999999904, 0.214514000000001, 0.22335900000000203, 0.24846500000000302, 0.301586, 0.34242500000000203, 0.36918900000000204, 0.368267000000003, 0.33961100000000105, 0.297063000000001, 0.242903000000001, 0.22587400000000102, 0.25075200000000203, 0.30273, 0.342556000000001, 0.368267000000003, 0.36651100000000203, 0.337365000000001, 0.29461600000000104, 0.24056800000000303, 0.191583000000001, 0.22112700000000202, 0.278422000000002, 0.31721900000000103, 0.33961100000000105, 0.337365000000001, 0.31040899999999905, 0.267216000000001, 0.207605, 0.125063, 0.15798600000000101, 0.220759000000001, 0.274907000000002, 0.297063000000001, 0.294617000000002, 0.267216000000001, 0.20860900000000202, 0.14336500000000202, 0.04616700000000001, 0.082349, 0.154320000000002, 0.214514000000001, 0.242903000000001, 0.24056800000000303, 0.207605, 0.14336500000000202, 0.06940800000000201], "x_cart": [0.0, 1.846599999999999e-08, 3.6931e-08, 5.539699999999999e-08, 7.3863e-08, 9.232799999999999e-08, 1.107939999999999e-07, 1.2925999999999998e-07, 1.47725e-07, 0.38075745861, 0.380757477076, 0.380757495542, 0.380757514007, 0.380757532473, 0.380757550939, 0.380757569404, 0.380757587869999, 0.380757606336, 0.761514917221, 0.761514935687, 0.761514954152, 0.761514972617999, 0.761514991084, 0.761515009549, 0.761515028015, 0.761515046481, 0.761515064946, 1.142272375831, 1.1422723942970001, 1.142272412763, 1.142272431228, 1.142272449694, 1.14227246816, 1.142272486625, 1.142272505091, 1.142272523557, 1.5230298344420001, 1.523029852908, 1.523029871373, 1.523029889839, 1.523029908304999, 1.52302992677, 1.523029945235999, 1.523029963702, 1.523029982167, 1.903787293052, 1.903787311518, 1.903787329984, 1.903787348449, 1.903787366915, 1.903787385381, 1.903787403846, 1.903787422312, 1.903787440778, 2.284544751662999, 2.284544770129, 2.2845447885940002, 2.28454480706, 2.284544825526, 2.284544843991, 2.284544862457, 2.284544880923, 2.284544899388, 2.665302210273, 2.665302228739, 2.665302247205, 2.66530226567, 2.665302284136, 2.665302302602, 2.665302321067, 2.665302339533, 2.665302357999, 3.046059668884, 3.04605968735, 3.046059705815, 3.046059724281, 3.046059742747, 3.046059761212, 3.046059779678, 3.046059798144, 3.046059816609], "cleavage": [0.0, 0.099999999999999, 0.30000000000000004, 0.5, 0.7000000000000001, 0.7000000000000001, 0.5, 0.30000000000000004, 0.099999999999999, 0.099999999999999, 0.30000000000000004, 0.5, 0.7000000000000001, 0.7000000000000001, 0.7000000000000001, 0.7000000000000001, 0.5, 0.30000000000000004, 0.30000000000000004, 0.5, 0.7000000000000001, 0.7000000000000001, 1.0, 1.0, 0.7000000000000001, 0.7000000000000001, 0.5, 0.5, 0.7000000000000001, 0.7000000000000001, 1.0, 1.0, 1.0, 1.0, 0.7000000000000001, 0.7000000000000001, 0.7000000000000001, 0.7000000000000001, 1.0, 1.0, 1.0, 1.0, 1.0, 1.0, 0.7000000000000001, 0.7000000000000001, 0.7000000000000001, 1.0, 1.0, 1.0, 1.0, 1.0, 1.0, 0.7000000000000001, 0.5, 0.7000000000000001, 0.7000000000000001, 1.0, 1.0, 1.0, 1.0, 0.7000000000000001, 0.7000000000000001, 0.30000000000000004, 0.5, 0.7000000000000001, 0.7000000000000001, 1.0, 1.0, 0.7000000000000001, 0.7000000000000001, 0.5, 0.099999999999999, 0.30000000000000004, 0.5, 0.7000000000000001, 0.7000000000000001, 0.7000000000000001, 0.7000000000000001, 0.5, 0.30000000000000004],