{
    "cleavages": [
        -0.15,
        -0.1,
        -0.05,
        0.0,
        0.05,
        0.1,
        0.15,
        0.2,
        0.3,
        0.4,
        0.5,
        0.6,
        0.7,
        0.8,
        0.9,
        1.0,
        1.25,
        1.5,
        1.75,
        2.0,
        2.5,
        3.0,
        3.5,
        4.0,
        6.0,
        8.0
    ],
    "equivalents": [
        [
            "0:0:-0.150000"
        ],
        [
            "0:0:-0.100000"
        ],
        [
            "0:0:-0.050000"
        ],
        [
            "0:0:0.000000"
        ],
        [
            "0:0:0.050000"
        ],
        [
            "0:0:0.100000"
        ],
        [
            "0:0:0.150000"
        ],
        [
            "0:0:0.200000"
        ],
        [
            "0:0:0.300000"
        ],
        [
            "0:0:0.400000"
        ],
        [
            "0:0:0.500000"
        ],
        [
            "0:0:0.600000"
        ],
        [
            "0:0:0.700000"
        ],
        [
            "0:0:0.800000"
        ],
        [
            "0:0:0.900000"
        ],
        [
            "0:0:1.000000"
        ],
        [
            "0:0:1.250000"
        ],
        [
            "0:0:1.500000"
        ],
        [
            "0:0:1.750000"
        ],
        [
            "0:0:2.000000"
        ],
        [
            "0:0:2.500000"
        ],
        [
            "0:0:3.000000"
        ],
        [
            "0:0:3.500000"
        ],
        [
            "0:0:4.000000"
        ],
        [
            "0:0:6.000000"
        ],
        [
            "0:0:8.000000"
        ]
    ],
    "grid": [
        1,
        1
    ],
    "ids": {
        "0:0:-0.050000": {
            "cleavage": -0.05,
            "directory": "cleave__-0.050000",
            "equivalent_structures": [
                "0:0:-0.050000"
            ],
            "grid_point": [
                0,
                0
            ],
            "orbit": 2,
            "shift": [
                0.0,
                0.0
            ]
        },
        "0:0:-0.100000": {
            "cleavage": -0.1,
            "directory": "cleave__-0.100000",
            "equivalent_structures": [
                "0:0:-0.100000"
            ],
            "grid_point": [
                0,
                0
            ],
            "orbit": 1,
            "shift": [
                0.0,
                0.0
            ]
        },
        "0:0:-0.150000": {
            "cleavage": -0.15,
            "directory": "cleave__-0.150000",
            "equivalent_structures": [
                "0:0:-0.150000"
            ],
            "grid_point": [
                0,
                0
            ],
            "orbit": 0,
            "shift": [
                0.0,
                0.0
            ]
        },
        "0:0:0.000000": {
            "cleavage": 0.0,
            "directory": "cleave__0.000000",
            "equivalent_structures": [
                "0:0:0.000000"
            ],
            "grid_point": [
                0,
                0
            ],
            "orbit": 3,
            "shift": [
                0.0,
                0.0
            ]
        },
        "0:0:0.050000": {
            "cleavage": 0.05,
            "directory": "cleave__0.050000",
            "equivalent_structures": [
                "0:0:0.050000"
            ],
            "grid_point": [
                0,
                0
            ],
            "orbit": 4,
            "shift": [
                0.0,
                0.0
            ]
        },
        "0:0:0.100000": {
            "cleavage": 0.1,
            "directory": "cleave__0.100000",
            "equivalent_structures": [
                "0:0:0.100000"
            ],
            "grid_point": [
                0,
                0
            ],
            "orbit": 5,
            "shift": [
                0.0,
                0.0
            ]
        },
        "0:0:0.150000": {
            "cleavage": 0.15,
            "directory": "cleave__0.150000",
            "equivalent_structures": [
                "0:0:0.150000"
            ],
            "grid_point": [
                0,
                0
            ],
            "orbit": 6,
            "shift": [
                0.0,
                0.0
            ]
        },
        "0:0:0.200000": {
            "cleavage": 0.2,
            "directory": "cleave__0.200000",
            "equivalent_structures": [
                "0:0:0.200000"
            ],
            "grid_point": [
                0,
                0
            ],
            "orbit": 7,
            "shift": [
                0.0,
                0.0
            ]
        },
        "0:0:0.300000": {
            "cleavage": 0.3,
            "directory": "cleave__0.300000",
            "equivalent_structures": [
                "0:0:0.300000"
            ],
            "grid_point": [
                0,
                0
            ],
            "orbit": 8,
            "shift": [
                0.0,
                0.0
            ]
        },
        "0:0:0.400000": {
            "cleavage": 0.4,
            "directory": "cleave__0.400000",
            "equivalent_structures": [
                "0:0:0.400000"
            ],
            "grid_point": [
                0,
                0
            ],
            "orbit": 9,
            "shift": [
                0.0,
                0.0
            ]
        },
        "0:0:0.500000": {
            "cleavage": 0.5,
            "directory": "cleave__0.500000",
            "equivalent_structures": [
                "0:0:0.500000"
            ],
            "grid_point": [
                0,
                0
            ],
            "orbit": 10,
            "shift": [
                0.0,
                0.0
            ]
        },
        "0:0:0.600000": {
            "cleavage": 0.6,
            "directory": "cleave__0.600000",
            "equivalent_structures": [
                "0:0:0.600000"
            ],
            "grid_point": [
                0,
                0
            ],
            "orbit": 11,
            "shift": [
                0.0,
                0.0
            ]
        },
        "0:0:0.700000": {
            "cleavage": 0.7,
            "directory": "cleave__0.700000",
            "equivalent_structures": [
                "0:0:0.700000"
            ],
            "grid_point": [
                0,
                0
            ],
            "orbit": 12,
            "shift": [
                0.0,
                0.0
            ]
        },
        "0:0:0.800000": {
            "cleavage": 0.8,
            "directory": "cleave__0.800000",
            "equivalent_structures": [
                "0:0:0.800000"
            ],
            "grid_point": [
                0,
                0
            ],
            "orbit": 13,
            "shift": [
                0.0,
                0.0
            ]
        },
        "0:0:0.900000": {
            "cleavage": 0.9,
            "directory": "cleave__0.900000",
            "equivalent_structures": [
                "0:0:0.900000"
            ],
            "grid_point": [
                0,
                0
            ],
            "orbit": 14,
            "shift": [
                0.0,
                0.0
            ]
        },
        "0:0:1.000000": {
            "cleavage": 1.0,
            "directory": "cleave__1.000000",
            "equivalent_structures": [
                "0:0:1.000000"
            ],
            "grid_point": [
                0,
                0
            ],
            "orbit": 15,
            "shift": [
                0.0,
                0.0
            ]
        },
        "0:0:1.250000": {
            "cleavage": 1.25,
            "directory": "cleave__1.250000",
            "equivalent_structures": [
                "0:0:1.250000"
            ],