{"cleavages":[-1.5,0.0,2.0],"equivalents":[["0:0:-1.500000"],["0:0:0.000000"],["0:0:2.000000"]],"grid":[1,1],"ids":{"0:0:-1.500000":{"cleavage":-1.5,"directory":"cleave__-1.500000","equivalent_structures":["0:0:-1.500000"],"grid_point":[0,0],"group":0,"shift":[0.0,0.0]},"0:0:0.000000":{"cleavage":0.0,"directory":"cleave__0.000000","equivalent_structures":["0:0:0.000000"],"grid_point":[0,0],"group":1,"shift":[0.0,0.0]},"0:0:2.000000":{"cleavage":2.0,"directory":"cleave__2.000000","equivalent_structures":["0:0:2.000000"],"grid_point":[0,0],"group":2,"shift":[0.0,0.0]}},"shift_units":[[2.85595465,0.0],[1.42797732,2.47332928]]}