{
    "cleavages": [
        0.0
    ],
    "equivalents": [
        [
            "0:0:0.000000"
        ],
        [
            "0:1:0.000000",
            "0:2:0.000000",
            "1:0:0.000000",
            "1:2:0.000000",
            "2:0:0.000000",
            "2:1:0.000000"
        ],
        [
            "1:1:0.000000"
        ],
        [
            "2:2:0.000000"
        ]
    ],
    "grid": [
        3,
        3
    ],
    "ids": {
        "0:0:0.000000": {
            "cleavage": 0.0,
            "directory": "shift__0.0",
            "equivalent_structures": [
                "0:0:0.000000"
            ],
            "grid_point": [
                0,
                0
            ],
            "group": 0,
            "shift": [
                0.0,
                0.0
            ]
        },
        "0:1:0.000000": {
            "cleavage": 0.0,
            "directory": "shift__0.1",
            "equivalent_structures": [
                "0:1:0.000000",
                "0:2:0.000000",
                "1:0:0.000000",
                "1:2:0.000000",
                "2:0:0.000000",
                "2:1:0.000000"
            ],
            "grid_point": [
                0,
                1
            ],
            "group": 1,
            "shift": [
                0.532031514484813,
                0.9215056074106918
            ]
        },
        "0:2:0.000000": {
            "cleavage": 0.0,
            "directory": "shift__0.2",
            "equivalent_structures": [
                "0:1:0.000000",
                "0:2:0.000000",
                "1:0:0.000000",
                "1:2:0.000000",
                "2:0:0.000000",
                "2:1:0.000000"
            ],
            "grid_point": [
                0,
                2
            ],
            "group": 1,
            "shift": [
                1.064063028969626,
                1.8430112148213835
            ]
        },
        "1:0:0.000000": {
            "cleavage": 0.0,
            "directory": "shift__1.0",
            "equivalent_structures": [
                "0:1:0.000000",
                "0:2:0.000000",
                "1:0:0.000000",
                "1:2:0.000000",
                "2:0:0.000000",
                "2:1:0.000000"
            ],
            "grid_point": [
                1,
                0
            ],
            "group": 1,
            "shift": [
                1.0640630229898753,
                0.0
            ]
        },
        "1:1:0.000000": {
            "cleavage": 0.0,
            "directory": "shift__1.1",
            "equivalent_structures": [
                "1:1:0.000000"
            ],
            "grid_point": [
                1,
                1
            ],
            "group": 2,
            "shift": [
                1.5960945374746882,
                0.9215056074106918
            ]
        },
        "1:2:0.000000": {
            "cleavage": 0.0,
            "directory": "shift__1.2",
            "equivalent_structures": [
                "0:1:0.000000",
                "0:2:0.000000",
                "1:0:0.000000",
                "1:2:0.000000",
                "2:0:0.000000",
                "2:1:0.000000"
            ],
            "grid_point": [
                1,
                2
            ],
            "group": 1,
            "shift": [
                2.1281260519595016,
                1.8430112148213835
            ]
        },
        "2:0:0.000000": {
            "cleavage": 0.0,
            "directory": "shift__2.0",
            "equivalent_structures": [
                "0:1:0.000000",
                "0:2:0.000000",
                "1:0:0.000000",
                "1:2:0.000000",
                "2:0:0.000000",
                "2:1:0.000000"
            ],
            "grid_point": [
                2,
                0
            ],
            "group": 1,
            "shift": [
                2.1281260459797506,
                0.0
            ]
        },
        "2:1:0.000000": {
            "cleavage": 0.0,
            "directory": "shift__2.1",
            "equivalent_structures": [
                "0:1:0.000000",
                "0:2:0.000000",
                "1:0:0.000000",
                "1:2:0.000000",
                "2:0:0.000000",
                "2:1:0.000000"
            ],
            "grid_point": [
                2,
                1
            ],
            "group": 1,
            "shift": [
                2.6601575604645635,
                0.9215056074106918
            ]
        },
        "2:2:0.000000": {
            "cleavage": 0.0,
            "directory": "shift__2.2",
            "equivalent_structures": [
                "2:2:0.000000"
            ],
            "grid_point": [
                2,
                2
            ],
            "group": 3,
            "shift": [
                3.1921890749493764,
                1.8430112148213835
            ]
        }
    },
    "shift_units": [
        [
            1.0640630229898753,
            0.0
        ],
        [
            0.532031514484813,
            0.9215056074106918
        ]
    ]
}